INSERT INTO USER (ID,EMAIL,FIRSTNAME,GENDER,MANAGER,PASSWORD,SURNAME) VALUES (1,'admin@admin.de','admin','m',true,'admin','admin');
INSERT INTO USER (ID,EMAIL,FIRSTNAME,GENDER,MANAGER,PASSWORD,SURNAME) VALUES (2,'foo@bar.de','foo','m',true,'admin','bar');
INSERT INTO USER (ID,EMAIL,FIRSTNAME,GENDER,MANAGER,PASSWORD,SURNAME) VALUES (3,'test@test.de','test','w',true,'admin','test');
INSERT INTO USER (ID,EMAIL,FIRSTNAME,GENDER,MANAGER,PASSWORD,SURNAME) VALUES (4,'user@user.de','user','m',false,'user','user');
INSERT INTO USER (ID,EMAIL,FIRSTNAME,GENDER,MANAGER,PASSWORD,SURNAME) VALUES (5,'sonst@was.com','sonst','w',false,'user','was');
INSERT INTO USER (ID,EMAIL,FIRSTNAME,GENDER,MANAGER,PASSWORD,SURNAME) VALUES (6,'keine@idee.org','keine','m',false,'user','idee');

INSERT INTO EVENT (ID,CONTINGENT,DATE,DESCRIPTION,NAME,PLACE,PUBLISHED,TYPE,CREATOR_ID) VALUES (1,1000,'2017-05-01 20:00:00.0','Die australischen Metaller machen auf ihrer aktuellen Europa Tour auch in Deutschland halt!','Parkway Drive','Münster',FALSE,0,1);
INSERT INTO EVENT (ID,CONTINGENT,DATE,DESCRIPTION,NAME,PLACE,PUBLISHED,TYPE,CREATOR_ID) VALUES (2,100,'2017-12-24 20:00:00.0','Der lustigste Ostfriese seit der Eiszeit – mindestens! Jetzt präsentiert Otto sein neues Programm „Holdrio Again“ live!','Otto','Berlin',TRUE,1,1);
INSERT INTO EVENT (ID,CONTINGENT,DATE,DESCRIPTION,NAME,PLACE,PUBLISHED,TYPE,CREATOR_ID) VALUES (3,81,'2018-01-15 20:00:00.0','Adoro hauchen mit ihren wunderschönen klassischen Stimmen populären Hits Gefühl und Romantik ein. ','Adoro - Tour 2018 - Tickets','Düsseldorf',TRUE,2,1);
INSERT INTO EVENT (ID,CONTINGENT,DATE,DESCRIPTION,NAME,PLACE,PUBLISHED,TYPE,CREATOR_ID) VALUES (4,44,'2017-07-13 20:00:00.0','Persönlichkeiten und Berühmtheiten von Boris Becker bis hin zu Herbert Grönemeyer und George Clooney - täuschend echt!','Madame Tussauds Berlin - Tickets','Berlin',TRUE,3,1);
INSERT INTO EVENT (ID,CONTINGENT,DATE,DESCRIPTION,NAME,PLACE,PUBLISHED,TYPE,CREATOR_ID) VALUES (5,10,'2017-09-19 20:00:00.0','Tore bejubeln mit deinen Freunden – bei Bayer 04!','Bayer 04 Leverkusen - 1. FC Köln','Hamburg',FALSE,4,2);
INSERT INTO EVENT (ID,CONTINGENT,DATE,DESCRIPTION,NAME,PLACE,PUBLISHED,TYPE,CREATOR_ID) VALUES (6,5,'2017-10-10 20:00:00.0','»Sein oder Nicht-Sein.« Shakespeares berühmte Rachetragödie Hamlet in einer Neuinszenierung am Schauspiel Hannover. ','Hamlet','Hannover',TRUE,5,2);
INSERT INTO EVENT (ID,CONTINGENT,DATE,DESCRIPTION,NAME,PLACE,PUBLISHED,TYPE,CREATOR_ID) VALUES (7,12,'2017-08-08 20:00:00.0','Das neue Musical vom Broadway um die zeitlose Geschichte von Aladdin, Dschinni und den drei Wünschen!','Disneys ALADDIN','München',TRUE,6,2);
INSERT INTO EVENT (ID,CONTINGENT,DATE,DESCRIPTION,NAME,PLACE,PUBLISHED,TYPE,CREATOR_ID) VALUES (8,31,'2017-06-28 20:00:00.0','Der bayerische Komiker kommt mit neuem Programm auf Tour! ','Michael Mittermeier: Wild - das neue Programm','Hameln',TRUE,1,2);
INSERT INTO EVENT (ID,CONTINGENT,DATE,DESCRIPTION,NAME,PLACE,PUBLISHED,TYPE,CREATOR_ID) VALUES (9,12,'2020-12-04 20:00:00.0','Eine bunte Mischung von Top-Comedians und neuen Talenten aus dem Comedy-Waschsalon - jetzt Tickets sichern!','NightWash Live','Frankfurt am Main',TRUE,1,3);
INSERT INTO EVENT (ID,CONTINGENT,DATE,DESCRIPTION,NAME,PLACE,PUBLISHED,TYPE,CREATOR_ID) VALUES (10,43,'2017-07-01 20:00:00.0','Die schwedischen Death-Metal-Wikinger Amon Amarth kommen auf ihrer „Jomsviking“-Europatour nach Deutschland! ','Amon Amarth: Jomsviking European Tour','New York',TRUE,0,3);
INSERT INTO EVENT (ID,CONTINGENT,DATE,DESCRIPTION,NAME,PLACE,PUBLISHED,TYPE,CREATOR_ID) VALUES (11,123,'2017-05-12 20:00:00.0','Die Ikonen des Trancecore kommen 2017 auf Deutschland-Tour! ','Enter Shikari','Paris',FALSE,0,3);
INSERT INTO EVENT (ID,CONTINGENT,DATE,DESCRIPTION,NAME,PLACE,PUBLISHED,TYPE,CREATOR_ID) VALUES (12,8000,'2017-11-11 20:00:00.0','Die Nu-Metal-Götter KoRn kehren im August nach Deutschland zurück! ','KoRn','Moskau',FALSE,0,3);

INSERT INTO RESERVATION (ID,ISSUEDATE, TICKETAMOUNT, USER_ID, EVENT_ID) VALUES (1,'2017-03-28 17:00:00.0',5,1,1);
INSERT INTO RESERVATION (ID,ISSUEDATE, TICKETAMOUNT, USER_ID, EVENT_ID) VALUES (2,'2017-03-28 17:00:00.0',2,1,2);
INSERT INTO RESERVATION (ID,ISSUEDATE, TICKETAMOUNT, USER_ID, EVENT_ID) VALUES (3,'2017-03-28 17:00:00.0',1,1,3);
INSERT INTO RESERVATION (ID,ISSUEDATE, TICKETAMOUNT, USER_ID, EVENT_ID) VALUES (4,'2017-03-28 17:00:00.0',12,2,4);
INSERT INTO RESERVATION (ID,ISSUEDATE, TICKETAMOUNT, USER_ID, EVENT_ID) VALUES (5,'2017-03-28 17:00:00.0',3,2,5);
INSERT INTO RESERVATION (ID,ISSUEDATE, TICKETAMOUNT, USER_ID, EVENT_ID) VALUES (6,'2017-03-28 17:00:00.0',4,3,6);
INSERT INTO RESERVATION (ID,ISSUEDATE, TICKETAMOUNT, USER_ID, EVENT_ID) VALUES (7,'2017-03-28 17:00:00.0',2,3,7);
INSERT INTO RESERVATION (ID,ISSUEDATE, TICKETAMOUNT, USER_ID, EVENT_ID) VALUES (8,'2017-03-28 17:00:00.0',1,4,8);
INSERT INTO RESERVATION (ID,ISSUEDATE, TICKETAMOUNT, USER_ID, EVENT_ID) VALUES (9,'2017-03-28 17:00:00.0',3,4,9);
INSERT INTO RESERVATION (ID,ISSUEDATE, TICKETAMOUNT, USER_ID, EVENT_ID) VALUES (10,'2017-03-28 17:00:00.0',4,4,10);
INSERT INTO RESERVATION (ID,ISSUEDATE, TICKETAMOUNT, USER_ID, EVENT_ID) VALUES (11,'2017-03-28 17:00:00.0',5,5,11);
INSERT INTO RESERVATION (ID,ISSUEDATE, TICKETAMOUNT, USER_ID, EVENT_ID) VALUES (12,'2017-03-28 17:00:00.0',3,5,12);
INSERT INTO RESERVATION (ID,ISSUEDATE, TICKETAMOUNT, USER_ID, EVENT_ID) VALUES (13,'2017-03-28 17:00:00.0',2,1,1);
INSERT INTO RESERVATION (ID,ISSUEDATE, TICKETAMOUNT, USER_ID, EVENT_ID) VALUES (14,'2017-03-28 17:00:00.0',1,6,1);
INSERT INTO RESERVATION (ID,ISSUEDATE, TICKETAMOUNT, USER_ID, EVENT_ID) VALUES (15,'2017-03-28 17:00:00.0',6,6,2);
INSERT INTO RESERVATION (ID,ISSUEDATE, TICKETAMOUNT, USER_ID, EVENT_ID) VALUES (16,'2017-03-28 17:00:00.0',4,6,3);